,monthly_salary,fico,utilization,card_limit,card_interest_rate,model_output,model_target
0,78780,897,13.17%,31032,3.75%,0.2231,0
1,10065,794,6.22%,31697,3.41%,0.9543,1
2,97434,880,8.44%,48998,9.68%,0.9906,0
3,126755,729,0.73%,38827,4.14%,0.0232,0
4,70696,624,15.47%,9082,5.51%,0.1075,0
5,173006,889,14.57%,18039,2.86%,0.4746,0
6,88528,814,14.53%,9946,2.40%,0.3882,0
7,40985,743,11.69%,25788,9.50%,0.1198,0
8,154213,864,4.80%,20240,9.06%,0.37,0
9,48492,612,0.15%,45523,10.22%,0.2897,0
10,31681,821,9.73%,7493,9.82%,0.1124,0
11,67238,887,10.63%,29482,7.94%,0.9568,0
12,44643,893,12.04%,47461,11.29%,0.8541,1
13,197514,818,15.67%,11436,3.91%,0.9053,1
14,72272,667,6.16%,11734,6.80%,0.6002,1
15,78675,624,15.60%,41669,7.21%,0.0959,0
16,43980,631,3.09%,20331,5.47%,0.0083,0
17,154442,811,7.01%,20678,2.91%,0.4957,0
18,75990,834,6.06%,45412,2.17%,0.0685,0
19,145779,801,7.62%,20020,9.93%,0.5087,0
20,60938,790,4.24%,23268,6.86%,0.2046,0
21,139356,640,3.34%,49806,6.50%,0.7586,0
22,58355,831,15.22%,13192,8.29%,0.9687,0
23,105779,637,5.58%,16280,11.80%,0.2445,0
24,60382,851,11.56%,42546,10.08%,0.405,0
25,119585,633,5.63%,40902,10.11%,0.8548,1
26,104314,863,3.69%,41368,2.69%,0.1267,0
27,20568,617,5.89%,24465,2.96%,0.3033,0
28,159146,832,12.27%,48567,5.53%,0.8952,0
29,17086,768,4.27%,31294,2.20%,0.8353,1
30,79060,763,8.63%,19442,10.85%,0.0049,0
31,193520,691,13.37%,40760,3.79%,0.4794,0
32,166258,893,1.02%,34904,7.84%,0.5596,1
33,153003,681,16.08%,20544,9.46%,0.3171,0
34,41495,780,6.83%,45872,9.18%,0.0403,0
35,128315,894,4.54%,5966,8.75%,0.6844,0
36,142618,633,4.71%,48436,4.63%,0.6992,1
37,168887,600,4.28%,25317,2.09%,0.547,1
38,132944,636,0.55%,46237,11.35%,0.8074,0
39,94029,900,16.37%,11875,11.75%,0.5326,1
40,18049,810,2.21%,40311,10.40%,0.7124,0
41,135669,813,14.01%,15867,8.83%,0.4132,0
42,95868,847,10.48%,48221,11.34%,0.8384,0
43,90246,708,11.05%,19885,4.46%,0.7782,0
44,182525,784,7.21%,30590,6.15%,0.0496,0
45,166492,671,5.08%,44947,11.90%,0.4063,0
46,60416,755,3.74%,44098,11.73%,0.2878,0
47,144007,662,11.89%,43597,4.53%,0.5298,0
48,113170,707,5.84%,45132,2.39%,0.7304,0
49,47979,611,8.97%,35831,5.11%,0.0115,0
50,120644,879,2.47%,37880,6.35%,0.2767,0
51,146814,864,5.89%,31841,4.24%,0.0357,0
52,169359,759,7.30%,16729,10.09%,0.3695,0
53,146430,837,12.03%,36063,4.66%,0.5216,0
54,187204,644,3.97%,10843,2.19%,0.668,1
55,34788,810,12.28%,34794,11.18%,0.2345,0
56,194899,786,6.76%,48535,11.17%,0.0941,0
57,80752,625,4.99%,47229,11.10%,0.8005,1
58,159184,636,11.83%,15984,6.84%,0.2341,0
59,58394,793,9.16%,18405,11.85%,0.1943,0
60,68910,653,10.57%,36537,7.99%,0.9583,1
61,52756,829,6.48%,18754,2.44%,0.0986,0
62,64593,659,13.82%,43790,3.86%,0.6593,1
63,169880,775,7.68%,41388,5.78%,0.0265,0
64,45551,883,16.21%,39217,9.11%,0.4573,0
65,127615,835,15.81%,25293,3.22%,0.6237,0
66,96789,757,12.26%,28864,10.82%,0.589,1
67,26788,673,14.42%,24343,2.62%,0.8531,1
68,167203,801,7.64%,11569,6.66%,0.5307,0
69,122967,891,10.60%,12713,11.40%,0.2038,0
70,92791,639,16.29%,49130,11.38%,0.9831,0
71,118503,814,13.34%,7494,6.92%,0.9322,1
72,56183,814,3.59%,27310,9.48%,0.003,0
73,114237,732,11.55%,47122,5.44%,0.0467,0
74,189115,879,9.69%,36725,5.35%,0.3622,0
75,69837,812,9.08%,41605,5.98%,0.0996,0
76,136384,632,15.58%,42473,4.71%,0.758,1
77,106263,889,6.80%,19600,6.55%,0.2921,0
78,31295,746,13.06%,7276,8.74%,0.1438,0
79,121225,800,6.49%,31363,3.99%,0.2727,0
80,148542,795,0.31%,20582,9.86%,0.0683,0
81,197301,603,10.67%,31550,7.24%,0.7852,0
82,104825,717,14.10%,26900,8.31%,0.1596,0
83,28939,657,4.95%,36476,11.79%,0.8825,1
84,81063,877,11.54%,49236,6.87%,0.4068,0
85,70855,854,11.17%,31636,5.55%,0.2546,0
86,37625,639,12.62%,39173,3.89%,0.6139,0
87,61199,648,11.47%,13161,5.20%,0.7452,0
88,42532,700,1.98%,25243,9.25%,0.7598,1
89,103675,745,2.55%,45321,6.07%,0.8723,1
90,57622,618,16.46%,27292,5.42%,0.2023,0
91,156790,742,6.33%,12572,6.67%,0.0699,0
92,122085,711,13.82%,20446,3.68%,0.9247,1
93,194474,609,4.75%,46887,2.94%,0.9888,1
94,43284,775,14.77%,24847,10.34%,0.8411,0
95,52098,657,13.13%,17904,4.20%,0.0065,0
96,109930,886,9.90%,27945,7.80%,0.5337,0
97,157698,769,6.10%,36679,6.96%,0.6957,1
98,50241,882,12.59%,46921,11.67%,0.4762,0
99,190143,765,14.53%,8595,8.60%,0.3854,0
100,62237,707,3.17%,23748,6.52%,0.5698,0
101,19788,671,13.85%,38001,9.07%,0.7459,1
102,163333,645,1.93%,21736,6.45%,0.7384,1
103,191284,669,15.46%,43085,5.50%,0.0716,0
104,12573,781,6.47%,16808,10.38%,0.9618,0
105,132008,660,8.04%,28745,4.84%,0.2811,0
106,140551,722,3.05%,26708,9.23%,0.7896,1
107,179897,875,4.48%,31033,10.95%,0.6626,0
108,155876,638,14.69%,40959,10.66%,0.4323,0
109,173886,739,1.33%,12370,10.24%,0.7589,0
110,133416,883,1.87%,41533,5.59%,0.5667,1
111,114255,690,0.50%,6802,10.44%,0.0973,0
112,160801,831,13.71%,20563,7.74%,0.1574,0
113,84853,810,11.34%,16274,7.30%,0.4531,0
114,127363,834,2.56%,29907,6.19%,0.7705,0
115,128311,703,13.83%,23228,9.27%,0.1103,0
116,61971,742,1.22%,17554,11.12%,0.9446,1
117,98510,823,1.87%,42964,9.15%,0.9055,1
118,185632,606,7.36%,5598,2.68%,0.3693,0
119,173961,819,12.83%,18436,8.80%,0.3646,0
120,55351,839,4.69%,21118,11.62%,0.5825,1
121,174307,715,12.40%,35685,8.16%,0.7514,0
122,141076,663,13.19%,12800,3.05%,0.0922,0
123,90657,669,5.39%,28488,6.91%,0.5294,0
124,137557,750,7.10%,32484,9.22%,0.7291,1
125,15236,845,4.91%,25319,7.32%,0.4094,0
126,122107,674,9.07%,35184,5.46%,0.3713,0
127,35997,870,16.26%,15176,3.07%,0.5274,1
128,163484,740,8.51%,11163,2.56%,0.2102,0
129,97310,644,12.47%,34450,4.73%,0.2306,0
130,61767,795,2.92%,12582,6.40%,0.4597,0
131,166113,843,1.54%,41162,7.94%,0.6729,0
132,156081,637,11.52%,10509,9.51%,0.8805,1
133,197257,640,9.69%,7429,3.48%,0.8344,1
134,42630,772,2.25%,29005,11.10%,0.9997,1
135,28268,701,6.63%,18943,5.20%,0.4441,0
136,157558,612,3.78%,29624,11.72%,0.2634,0
137,178999,697,6.90%,32223,4.05%,0.5245,1
138,104843,829,2.30%,25563,11.69%,0.1431,0
139,40198,848,9.85%,40871,8.26%,0.1901,0
140,82643,840,5.12%,30541,9.86%,0.0299,0
141,166954,840,14.60%,15513,4.74%,0.8749,0
142,150233,862,14.99%,11917,11.20%,0.439,0
143,181150,871,1.95%,29524,8.01%,0.1582,0
144,71808,708,16.20%,19042,10.48%,0.0042,0
145,105203,791,16.11%,42316,6.10%,0.8014,1
146,21883,885,2.53%,30078,9.51%,0.0933,0
147,68565,739,13.44%,41298,8.48%,0.8476,1
148,175625,651,1.10%,44664,9.71%,0.7895,1
149,105955,692,6.91%,19905,9.29%,0.6966,0
150,146067,759,10.44%,49730,11.04%,0.8785,0
151,111725,896,2.43%,20949,6.04%,0.8435,0
152,150566,844,6.86%,35243,4.14%,0.2959,0
153,78590,687,10.03%,43376,4.13%,0.4912,0
154,111776,877,9.16%,34768,2.20%,0.9252,1
155,49433,777,3.76%,41232,4.53%,0.9662,1
156,11686,805,2.49%,38820,3.86%,0.4245,0
157,161837,678,6.71%,21564,2.65%,0.8317,1
158,102455,710,2.52%,21416,11.04%,0.8643,0
159,103136,869,16.47%,24426,2.94%,0.7824,0
160,148662,702,8.52%,45837,8.43%,0.9088,0
161,106353,715,15.13%,32399,5.13%,0.9119,1
162,64770,727,9.88%,44100,10.46%,0.3026,0
163,49494,804,4.36%,46781,4.38%,0.2685,0
164,68636,685,1.99%,12350,2.06%,0.8503,1
165,33153,712,6.13%,25924,11.21%,0.8821,1
166,190478,805,12.22%,46245,11.32%,0.4145,0
167,167605,877,3.60%,22378,5.36%,0.6912,1
168,32260,828,4.76%,5411,10.26%,0.796,0
169,14881,657,13.95%,21425,5.72%,0.1754,0
170,69569,623,2.23%,24302,11.50%,0.5113,1
171,95573,876,4.77%,29935,11.97%,0.5745,1
172,48160,833,11.09%,19854,6.83%,0.3029,0
173,121991,743,16.08%,42082,9.88%,0.5344,0
174,105971,727,12.60%,34601,2.23%,0.8084,0
175,199191,814,5.35%,19386,5.29%,0.9608,0
176,85856,609,1.13%,6485,6.33%,0.8077,0
177,174353,621,1.27%,31528,11.32%,0.0012,0
178,111068,743,14.69%,9075,3.55%,0.2547,0
179,151860,701,11.61%,14897,11.79%,0.0409,0
180,137904,742,3.06%,35071,4.49%,0.2794,0
181,80698,692,3.17%,31563,2.91%,0.6418,0
182,35288,841,14.51%,37513,6.85%,0.2095,0
183,189821,880,6.72%,37087,5.80%,0.6281,0
184,188687,702,7.89%,46561,6.02%,0.5699,1
185,113666,891,15.33%,13976,8.96%,0.316,0
186,83862,881,8.72%,45755,3.25%,0.957,0
187,140013,620,11.06%,44875,10.03%,0.8813,1
188,59896,659,8.31%,37744,7.07%,0.5971,0
189,126999,693,4.01%,12155,9.36%,0.3746,0
190,109707,858,16.15%,21163,3.36%,0.5336,0
191,99671,723,7.67%,16323,7.28%,0.1445,0
192,161295,608,8.72%,42850,7.33%,0.4981,0
193,43642,841,16.33%,44670,6.53%,0.7696,0
194,164142,778,3.34%,8793,5.69%,0.1102,0
195,186945,891,7.92%,18236,10.84%,0.7627,0
196,109814,834,5.01%,15679,5.08%,0.6682,1
197,99152,819,8.04%,38534,7.54%,0.6956,1
198,94842,842,10.11%,43888,8.05%,0.2199,0
199,160428,656,5.38%,26112,3.94%,0.2593,0
200,90491,839,9.92%,17520,7.05%,0.1702,0
201,93936,665,5.73%,24208,3.95%,0.5456,1
202,170089,813,1.71%,38733,8.75%,0.4483,0
203,192582,680,10.63%,24220,8.64%,0.3162,0
204,79074,770,1.74%,35435,3.59%,0.3383,0
205,10336,814,4.29%,17686,4.79%,0.6627,1
206,158929,632,12.73%,24457,2.15%,0.8178,0
207,157501,650,8.78%,20204,2.82%,0.582,1
208,158448,812,2.72%,27521,9.10%,0.5302,0
209,96575,747,0.37%,17226,3.96%,0.094,0
210,108393,723,2.92%,36033,6.25%,0.9854,1
211,137419,889,2.40%,19628,9.98%,0.4561,0
212,169243,804,13.45%,6377,6.84%,0.8863,0
213,18955,675,8.20%,48360,11.92%,0.313,0
214,191354,806,1.11%,11626,8.11%,0.5477,0
215,84742,693,10.66%,13318,10.00%,0.642,0
216,119176,871,8.36%,9347,7.25%,0.6451,1
217,136566,757,12.99%,35833,2.97%,0.668,0
218,162008,657,3.29%,25424,6.94%,0.2024,0
219,127163,635,9.39%,39165,10.97%,0.4466,0
220,75767,878,2.62%,34041,8.81%,0.032,0
221,59024,622,5.77%,5033,3.67%,0.1327,0
222,130286,809,14.13%,31260,3.48%,0.247,0
223,52716,775,14.07%,30322,11.28%,0.5116,0
224,133128,622,13.43%,35298,11.01%,0.9894,1
225,47485,682,11.80%,18290,4.81%,0.7907,0
226,131757,876,12.34%,22672,8.48%,0.9171,0
227,169268,689,14.54%,28352,8.58%,0.9094,1
228,65502,802,11.63%,19999,9.71%,0.0519,0
229,182329,885,5.88%,23135,9.57%,0.3663,0
230,195794,809,11.40%,38518,3.12%,0.3604,0
231,39083,617,13.43%,47933,7.00%,0.3075,0
232,158154,622,6.91%,49084,5.96%,0.4775,0
233,67500,609,2.11%,45274,2.70%,0.0324,0
234,101917,658,12.39%,26889,8.59%,0.6231,1
235,103680,835,3.04%,19209,7.06%,0.212,0
236,130045,631,0.08%,11723,11.13%,0.3478,0
237,51533,875,13.20%,43509,11.53%,0.6691,1
238,162291,677,4.56%,18895,2.83%,0.8866,1
239,117148,870,1.80%,24720,3.26%,0.1391,0
240,82576,669,1.37%,49846,2.37%,0.7188,0
241,168734,710,11.11%,37353,7.36%,0.727,0
242,157381,680,12.23%,7798,7.59%,0.3328,0
243,157582,692,12.80%,30104,2.67%,0.9291,0
244,184349,771,4.73%,27102,4.74%,0.068,0
245,60917,727,4.38%,5363,7.48%,0.8567,1
246,81705,681,13.34%,23124,10.07%,0.439,0
247,136127,649,13.29%,36479,4.31%,0.3189,0
248,173606,678,8.00%,39935,8.41%,0.2164,0
249,180421,817,10.54%,33531,11.49%,0.5058,0
250,67539,864,15.41%,38597,9.43%,0.2095,0
251,171449,739,1.17%,27458,2.96%,0.3185,0
252,147627,615,10.79%,24619,2.09%,0.6275,1
253,148921,731,11.16%,38188,2.52%,0.7564,1
254,166218,752,2.50%,22213,10.06%,0.8327,1
255,154198,782,13.59%,5256,3.20%,0.9006,0
256,131849,852,6.43%,8022,6.57%,0.4836,0
257,23759,869,16.49%,46974,3.64%,0.7791,1
258,89474,819,11.77%,16295,10.37%,0.5237,1
259,151221,899,9.49%,28245,8.83%,0.002,0
260,121031,882,10.48%,26357,5.61%,0.2254,0
261,14178,883,1.82%,14380,11.73%,0.4125,0
262,56945,663,10.20%,20135,7.67%,0.8563,1
263,122873,867,5.99%,6601,10.62%,0.8641,0
264,30149,653,3.87%,5376,4.85%,0.2994,0
265,183921,882,9.60%,35276,6.66%,0.5425,0
266,100598,735,4.74%,42702,7.54%,0.719,0
267,98895,798,11.72%,28432,10.58%,0.2937,0
268,164091,770,12.66%,7318,3.32%,0.7077,1
269,124218,723,6.19%,40567,11.27%,0.1517,0
270,32439,826,15.84%,17944,8.56%,0.1408,0
271,28755,898,7.50%,35819,3.94%,0.5101,0
272,192507,666,16.28%,24390,6.24%,0.5769,1
273,122113,661,6.45%,38901,8.67%,0.1386,0
274,18349,681,7.65%,30423,11.46%,0.6224,1
275,161342,707,3.72%,38816,11.23%,0.8671,1
276,169415,687,4.53%,30742,2.26%,0.3717,0
277,103511,659,0.47%,11860,6.82%,0.2606,0
278,108360,792,16.05%,19334,5.01%,0.2827,0
279,36241,795,4.19%,15293,11.34%,0.8839,1
280,156308,698,7.75%,29688,3.01%,0.5666,1
281,168158,776,0.38%,12631,6.89%,0.8519,0
282,142064,825,13.54%,34548,9.76%,0.0842,0
283,94648,812,11.09%,25908,3.23%,0.7014,0
284,192642,603,4.02%,40395,8.21%,0.5606,1
285,65049,874,5.55%,9540,11.01%,0.2801,0
286,57192,722,15.32%,8907,4.71%,0.6348,1
287,32211,623,15.26%,26178,8.19%,0.2928,0
288,138618,741,12.44%,8395,4.40%,0.3669,0
289,131487,640,11.01%,11158,7.18%,0.4663,0
290,99633,681,13.34%,31888,11.20%,0.5836,1
291,128798,681,13.92%,16816,6.91%,0.499,0
292,122139,729,12.30%,37032,11.79%,0.1468,0
293,47127,653,6.83%,48899,3.87%,0.1705,0
294,194386,654,8.18%,25681,3.13%,0.4219,0
295,111274,719,16.66%,39004,5.39%,0.2346,0
296,114780,713,0.28%,7407,9.14%,0.966,1
297,76006,787,2.28%,6176,4.58%,0.1637,0
298,69081,659,8.34%,40929,2.21%,0.5833,0
299,44989,634,7.88%,8272,11.81%,0.0166,0
300,90427,734,13.45%,27485,3.30%,0.2495,0
301,174509,728,7.36%,35222,3.01%,0.8516,0
302,164765,892,1.23%,15587,2.70%,0.094,0
303,167606,743,12.13%,48993,11.93%,0.3031,0
304,25052,649,2.42%,46728,6.53%,0.2853,0
305,11739,835,16.51%,18580,2.88%,0.3936,0
306,12659,854,0.49%,46897,10.07%,0.6699,1
307,165396,719,8.38%,6260,4.14%,0.9993,1
308,36842,746,5.53%,46093,11.62%,0.7856,0
309,30665,774,14.08%,32183,2.54%,0.8704,0
310,40587,876,10.18%,13003,4.37%,0.075,0
311,36961,627,10.80%,48156,6.41%,0.8867,0
312,112529,696,16.05%,34222,2.40%,0.9502,0
313,53702,662,9.49%,45648,3.29%,0.5907,0
314,118586,798,14.52%,17563,9.92%,0.7648,1
315,22676,650,8.93%,38897,6.63%,0.6609,1
316,108412,808,1.88%,19419,4.40%,0.702,0
317,145259,828,10.70%,13085,2.32%,0.2021,0
318,110125,625,5.11%,42567,9.77%,0.3192,0
319,159881,795,7.60%,42449,4.67%,0.728,1
320,63095,640,12.78%,43357,8.68%,0.7575,1
321,175909,664,9.01%,39306,5.34%,0.8718,1
322,183050,698,10.60%,36703,4.76%,0.9402,0
323,24033,785,8.76%,41501,8.96%,0.9005,1
324,23440,651,11.92%,21477,9.84%,0.9855,0
325,188547,716,8.50%,31744,11.78%,0.4367,0
326,153116,775,14.32%,43805,4.64%,0.3336,0
327,124680,859,0.39%,18549,3.38%,0.6583,0
328,35654,886,11.98%,21770,7.91%,0.0648,0
329,65975,632,6.79%,22851,5.19%,0.0889,0
330,82587,793,16.37%,8331,10.57%,0.6261,0
331,72133,703,12.42%,19031,9.96%,0.6978,0
332,129808,862,15.19%,37906,2.43%,0.7991,1
333,101894,702,3.82%,5947,4.74%,0.8563,0
334,186972,601,1.41%,42338,6.68%,0.578,0
335,96254,626,15.42%,46056,11.68%,0.076,0
336,68354,835,1.57%,34737,6.52%,0.5735,1
337,13215,803,14.66%,39736,9.29%,0.8686,1
338,114460,707,12.17%,16139,10.81%,0.2431,0
339,172689,759,8.24%,47313,4.94%,0.378,0
340,97454,806,12.91%,33816,7.77%,0.342,0
341,181073,900,8.29%,27784,4.39%,0.1559,0
342,155103,758,1.23%,37689,3.48%,0.4019,0
343,114255,695,16.50%,37159,5.69%,0.9834,1
344,94088,657,9.26%,43882,3.07%,0.2275,0
345,10679,850,3.18%,44282,3.61%,0.5162,1
346,30138,720,6.67%,48737,7.31%,0.546,0
347,126003,895,3.17%,45721,4.18%,0.6879,0
348,162058,859,12.50%,6258,3.99%,0.2808,0
349,166525,703,5.66%,11277,10.15%,0.8131,1
350,66217,645,4.07%,33959,8.66%,0.9288,0
351,81714,868,11.07%,47079,3.11%,0.6499,1
352,185975,750,15.13%,32701,10.35%,0.2013,0
353,189065,827,11.98%,35439,11.55%,0.9132,1
354,194520,631,11.51%,17638,6.90%,0.2137,0
355,197293,736,12.69%,30264,11.02%,0.8739,0
356,194395,857,4.44%,28517,9.79%,0.8498,0
357,102266,741,9.73%,19098,10.28%,0.3589,0
358,50983,877,15.50%,20888,7.02%,0.5478,1
359,82631,761,3.71%,29831,7.58%,0.216,0
360,131088,808,0.34%,41741,2.53%,0.1996,0
361,47911,886,8.26%,25948,5.54%,0.7879,1
362,180987,722,10.82%,16103,5.72%,0.4705,0
363,148076,827,8.36%,37235,10.61%,0.2049,0
364,87370,656,11.63%,34688,11.67%,0.9678,0
365,72621,648,2.06%,11337,7.10%,0.0545,0
366,39898,635,6.41%,39084,11.62%,0.9235,1
367,144627,680,1.90%,45115,5.05%,0.8065,1
368,138163,785,14.18%,47512,11.17%,0.5408,0
369,77036,609,7.77%,35520,10.49%,0.9875,1
370,39940,635,8.91%,13242,5.66%,0.7739,0
371,138455,744,13.11%,43842,2.60%,0.6296,1
372,60209,879,12.58%,49258,5.37%,0.9699,0
373,153455,708,15.71%,20563,3.64%,0.7282,1
374,143748,817,5.32%,24413,8.75%,0.6826,0
375,130168,659,16.21%,33371,6.99%,0.9686,1
376,162529,686,12.92%,35465,6.52%,0.7481,0
377,98618,658,9.73%,37904,9.23%,0.6301,1
378,25899,816,10.51%,34026,9.79%,0.8537,0
379,27573,730,5.48%,43525,4.05%,0.5113,0
380,96815,865,10.17%,47625,9.07%,0.8001,0
381,62089,822,1.99%,13665,3.65%,0.7757,0
382,15517,812,6.06%,37855,8.72%,0.1895,0
383,107462,726,1.43%,42321,7.43%,0.5002,1
384,129007,735,10.92%,43611,2.60%,0.6192,0
385,107867,805,1.61%,27942,2.96%,0.2667,0
386,125812,696,8.55%,42100,6.18%,0.6379,0
387,107068,616,14.39%,39852,10.71%,0.6298,0
388,62769,778,5.52%,39784,8.34%,0.7646,0
389,127590,800,4.92%,17221,8.77%,0.5779,1
390,80121,867,1.27%,13311,3.20%,0.0696,0
391,79546,711,5.75%,44527,3.87%,0.9867,1
392,151014,817,5.62%,9627,7.73%,0.9993,0
393,127710,812,10.32%,25991,11.85%,0.431,0
394,18672,812,8.64%,13541,2.12%,0.8513,0
395,79813,726,7.34%,49194,7.92%,0.8943,1
396,192973,828,7.19%,35617,5.53%,0.1916,0
397,120588,675,5.19%,14371,9.60%,0.8398,0
398,155818,737,6.36%,12158,2.37%,0.3905,0
399,87637,718,16.27%,26779,3.95%,0.6118,1
400,81613,869,8.81%,30523,3.89%,0.7281,0
401,10424,774,13.96%,28308,3.88%,0.2064,0
402,144075,784,7.15%,25955,3.04%,0.32,0
403,173769,783,12.07%,33590,4.42%,0.4556,0
404,169426,798,10.27%,11511,8.37%,0.597,1
405,129323,704,0.11%,32439,9.82%,0.6059,0
406,158679,708,9.31%,49547,7.38%,0.6623,1
407,42299,743,9.57%,8365,2.89%,0.0578,0
408,59772,677,3.90%,35191,11.62%,0.4846,0
409,166647,626,15.83%,13281,2.10%,0.6894,1
410,44816,798,10.33%,18552,3.12%,0.2692,0
411,158228,770,16.00%,11488,5.12%,0.162,0
412,186130,795,0.44%,9254,5.64%,0.2015,0
413,116098,781,6.38%,41786,4.87%,0.9533,0
414,28980,656,2.88%,8738,6.47%,0.0659,0
415,13476,681,3.89%,16510,8.79%,0.5636,0
416,152535,624,3.37%,41449,8.84%,0.5022,0
417,69677,703,2.93%,34600,3.23%,0.4776,0
418,76169,781,2.91%,15116,6.99%,0.1475,0
419,57275,810,8.78%,20281,11.36%,0.5482,0
420,35608,882,9.24%,14415,9.69%,0.8988,0
421,155806,894,10.33%,17648,9.25%,0.6193,1
422,55880,680,9.42%,35978,5.18%,0.5705,0
423,47953,876,13.44%,13549,5.51%,0.4555,0
424,91381,757,1.15%,20371,5.23%,0.3765,0
425,170533,785,15.96%,38738,2.94%,0.5615,1
426,81929,837,12.01%,37979,4.38%,0.7648,1
427,132759,842,3.73%,20813,9.50%,0.7997,0
428,89041,618,0.87%,37664,8.45%,0.0215,0
429,175725,698,11.00%,32926,9.29%,0.0652,0
430,164256,608,13.13%,19682,4.10%,0.8495,0
431,150290,696,9.65%,6630,5.38%,0.7179,0
432,148511,788,2.30%,22028,5.71%,0.4387,0
433,176651,868,11.20%,45370,5.68%,0.2495,0
434,84872,900,16.59%,32425,2.23%,0.777,1
435,36584,661,11.89%,25290,11.44%,0.3833,0
436,109491,854,8.10%,23741,2.03%,0.5027,1
437,153248,889,5.54%,36176,10.08%,0.7319,1
438,195050,879,1.85%,8965,9.54%,0.1559,0
439,160791,850,14.80%,41998,6.54%,0.4196,0
440,66273,671,16.59%,12930,9.46%,0.417,0
441,184696,661,16.22%,35565,9.34%,0.0044,0
442,106733,627,6.49%,42155,11.08%,0.8036,1
443,119619,606,12.86%,21259,3.03%,0.2863,0
444,55240,839,6.08%,34040,11.34%,0.2803,0
445,65742,682,4.11%,15298,8.63%,0.4891,0
446,28026,740,7.96%,17762,5.50%,0.5667,0
447,71565,760,8.07%,22153,11.95%,0.0626,0
448,30515,875,6.56%,11785,3.15%,0.3587,0
449,185383,877,1.67%,28894,7.72%,0.3201,0
450,80305,625,16.23%,32702,5.23%,0.7145,0
451,142043,618,4.28%,40595,8.71%,0.0543,0
452,47700,640,0.12%,34993,8.81%,0.0429,0
453,74203,858,15.27%,43644,6.95%,0.5349,0
454,153266,620,9.06%,12081,7.48%,0.2567,0
455,39225,764,10.87%,15453,10.06%,0.1702,0
456,126064,666,1.68%,41390,9.83%,0.0365,0
457,155759,774,12.62%,31787,6.04%,0.0185,0
458,103811,782,12.78%,30958,8.53%,0.8682,1
459,177415,825,16.12%,13653,3.61%,0.0707,0
460,145907,897,7.60%,30737,3.76%,0.6636,1
461,139889,809,14.18%,31537,11.92%,0.2467,0
462,115295,868,2.85%,34144,11.39%,0.7115,0
463,160285,626,6.63%,28937,9.07%,0.6799,0
464,80103,890,10.88%,10736,7.04%,0.3098,0
465,151863,875,6.68%,45784,7.36%,0.5941,0
466,195127,858,3.98%,45188,10.24%,0.34,0
467,190283,603,12.98%,5038,6.36%,0.7673,1
468,47085,715,1.97%,29745,7.48%,0.9205,0
469,30614,697,9.58%,7460,10.95%,0.7398,1
470,91200,845,8.53%,23439,3.06%,0.0407,0
471,122804,652,3.58%,26435,9.79%,0.958,1
472,196675,671,3.38%,12673,10.71%,0.1655,0
473,52203,659,0.82%,20516,10.38%,0.4865,0
474,81006,760,5.31%,6185,7.86%,0.4225,0
475,134639,638,12.41%,43635,8.62%,0.7091,1
476,20281,635,7.22%,21406,5.53%,0.3509,0
477,150893,641,13.38%,9369,5.04%,0.1355,0
478,81605,647,0.92%,30958,6.74%,0.8007,0
479,35350,663,3.86%,40271,4.09%,0.5022,1
480,63059,711,15.17%,48692,3.34%,0.4101,0
481,169973,619,15.76%,7547,11.29%,0.4085,0
482,173903,686,6.55%,26471,6.36%,0.9354,1
483,188017,870,0.82%,30850,9.98%,0.7446,1
484,57543,789,2.53%,14736,7.23%,0.3366,0
485,67584,635,4.10%,27896,3.30%,0.7944,0
486,170872,881,4.59%,49130,3.07%,0.9874,0
487,171813,860,12.83%,11088,8.86%,0.6489,1
488,16262,641,9.23%,48678,8.02%,0.2359,0
489,199433,705,11.36%,17434,5.17%,0.1103,0
490,186512,825,1.09%,25658,5.73%,0.1289,0
491,23536,799,16.42%,42237,8.99%,0.6613,1
492,164651,727,0.45%,22688,5.05%,0.769,1
493,10251,816,12.74%,49416,5.65%,0.0177,0
494,40391,789,12.47%,41231,9.76%,0.1091,0
495,78132,886,9.89%,36618,7.51%,0.8513,1
496,145364,838,5.35%,29715,11.90%,0.1337,0
497,89410,816,10.45%,38615,4.70%,0.2062,0
498,51659,654,11.13%,31404,11.20%,0.2163,0
499,59716,602,6.11%,43921,3.88%,0.04,0
500,10892,815,16.52%,21775,8.76%,0.8906,0
501,32896,819,14.09%,33227,2.69%,0.9708,0
502,146340,851,14.54%,45279,10.66%,0.4996,0
503,194509,670,6.56%,11433,3.97%,0.3445,0
504,12959,849,15.93%,24259,5.45%,0.8753,1
505,24312,609,12.69%,12988,6.58%,0.946,0
506,72634,658,13.09%,46571,3.17%,0.82,1
507,75330,675,0.41%,36503,9.06%,0.2479,0
508,194867,689,2.30%,17947,2.03%,0.1613,0
509,121244,669,10.48%,28318,4.36%,0.8329,1
510,180757,672,9.58%,13688,11.33%,0.282,0
511,74128,710,4.72%,35988,6.19%,0.2644,0
512,46450,755,11.82%,49274,6.32%,0.5375,1
513,160613,832,4.30%,24316,8.51%,0.0568,0
514,126610,667,4.97%,49505,6.14%,0.8681,1
515,124144,880,5.27%,30373,5.62%,0.7627,1
516,20810,850,1.13%,45944,11.38%,0.2462,0
517,17278,629,15.80%,16475,11.56%,0.427,0
518,172320,840,10.40%,6210,11.81%,0.6429,0
519,56970,726,5.82%,14500,9.01%,0.5371,0
520,87408,771,13.11%,39159,9.09%,0.7916,0
521,54219,898,6.93%,21778,2.05%,0.0363,0
522,71240,790,11.46%,30574,8.57%,0.7239,1
523,181813,603,13.08%,32610,7.07%,0.268,0
524,27442,623,6.98%,30568,10.13%,0.474,0
525,50188,774,1.89%,24706,7.22%,0.833,0
526,130682,618,7.25%,14912,9.77%,0.3273,0
527,194752,787,8.90%,22465,8.58%,0.1039,0
528,134772,777,3.86%,36554,4.64%,0.9293,1
529,41669,759,13.15%,32323,9.25%,0.5255,0
530,132071,782,10.35%,24351,8.22%,0.5862,0
531,134756,737,6.72%,11877,3.68%,0.2127,0
532,78818,817,10.84%,34601,2.33%,0.3623,0
533,130408,879,6.88%,26227,6.05%,0.74,0
534,75733,601,8.21%,16231,9.62%,0.5148,1
535,150558,706,6.57%,20866,3.06%,0.3003,0
536,195109,616,7.25%,46344,5.56%,0.3497,0
537,45571,763,10.14%,26664,3.33%,0.6401,0
538,95878,688,0.99%,18103,9.69%,0.4435,0
539,58312,716,0.67%,44021,11.29%,0.7757,0
540,24183,850,6.50%,34297,4.22%,0.0584,0
541,190946,633,9.06%,15494,4.47%,0.5392,0
542,60666,860,12.89%,46366,5.90%,0.4863,0
543,44222,748,8.53%,25375,6.80%,0.4533,0
544,190679,606,11.87%,49457,6.17%,0.4777,0
545,62225,766,14.09%,10036,6.41%,0.3893,0
546,172543,837,6.60%,33462,3.65%,0.1189,0
547,18976,605,1.21%,42254,3.35%,0.4255,0
548,101322,636,15.26%,39688,3.29%,0.7921,1
549,87656,630,7.58%,24027,4.83%,0.4129,0
550,35189,831,13.15%,17518,11.45%,0.7426,1
551,171997,788,9.95%,5084,7.82%,0.0148,0
552,163567,853,10.76%,9279,8.69%,0.3393,0
553,176854,772,8.61%,20075,9.43%,0.5607,1
554,165589,874,6.42%,14438,9.82%,0.1894,0
555,13023,611,5.11%,17150,6.83%,0.5186,1
556,15387,761,9.82%,38132,7.41%,0.6899,0
557,57661,672,5.43%,35003,10.62%,0.923,0
558,12792,659,2.40%,38778,3.58%,0.4836,0
559,46585,832,9.50%,11600,10.64%,0.7976,1
560,111589,760,2.07%,29773,9.17%,0.2631,0
561,89375,896,1.24%,40441,2.34%,0.7011,1
562,98990,877,14.16%,21163,7.82%,0.8158,0
563,131333,648,9.99%,22832,5.74%,0.6269,0
564,42711,854,5.06%,15832,9.15%,0.5467,0
565,32577,807,10.76%,35864,11.63%,0.8533,0
566,103388,770,12.00%,36629,3.97%,0.6101,1
567,101076,770,2.52%,15505,9.43%,0.1288,0
568,169251,776,4.62%,25627,9.55%,0.4341,0
569,81138,683,16.35%,30029,4.70%,0.0707,0
570,175383,782,7.34%,25003,3.08%,0.7676,1
571,137700,603,14.45%,37053,8.11%,0.5348,0
572,146587,669,4.37%,8267,2.77%,0.4031,0
573,140749,890,10.29%,9424,10.78%,0.3085,0
574,20230,737,14.60%,46399,10.42%,0.6559,1
575,137844,635,12.54%,18537,8.46%,0.9894,1
576,184474,719,12.39%,31025,4.58%,0.2698,0
577,80560,844,13.62%,8913,9.72%,0.7012,0
578,78279,707,15.64%,6946,7.04%,0.179,0
579,165462,766,6.08%,34091,4.92%,0.099,0
580,169508,631,11.01%,6755,3.97%,0.0267,0
581,30142,618,6.15%,35227,6.64%,0.3252,0
582,187461,686,4.87%,37120,11.01%,0.3133,0
583,50964,888,11.63%,30994,9.75%,0.4542,0
584,69347,775,16.11%,34862,5.02%,0.8426,1
585,183092,641,8.62%,18350,6.95%,0.9351,1
586,148411,654,14.26%,37404,3.70%,0.82,0
587,104720,816,6.97%,25630,12.00%,0.411,0
588,33860,779,1.34%,9590,4.83%,0.6435,0
589,11116,809,11.33%,9110,8.29%,0.4979,0
590,162156,738,5.55%,33611,4.04%,0.4593,0
591,38204,833,0.98%,10197,10.07%,0.9999,1
592,70640,852,7.58%,41490,10.69%,0.8205,0
593,138440,796,9.78%,8486,11.55%,0.0767,0
594,171819,843,5.71%,26816,6.78%,0.9186,1
595,49983,605,0.10%,36059,8.31%,0.9548,1
596,70573,745,11.10%,22481,9.20%,0.519,0
597,35707,778,3.48%,30259,11.64%,0.3736,0
598,12237,678,0.98%,5778,9.24%,0.8448,0
599,36140,872,10.84%,47044,2.02%,0.4975,0
600,153323,643,3.41%,32326,9.89%,0.6499,0
601,115479,773,6.55%,33608,10.52%,0.0321,0
602,114803,681,10.90%,17711,4.53%,0.8193,0
603,45520,651,14.20%,34855,6.64%,0.7003,1
604,122687,742,6.66%,49224,5.76%,0.2353,0
605,177640,889,7.20%,41196,8.68%,0.6202,0
606,79117,614,4.53%,41408,8.50%,0.8559,1
607,59449,815,15.91%,18957,6.45%,0.9548,1
608,17826,743,12.00%,9902,3.81%,0.9511,1
609,162775,743,14.57%,21071,8.64%,0.0685,0
610,158358,796,11.23%,10118,11.58%,0.012,0
611,73239,637,15.82%,39990,5.17%,0.3243,0
612,108372,638,0.70%,34841,9.13%,0.7613,0
613,54731,741,13.03%,17476,3.97%,0.2211,0
614,111443,759,3.55%,24974,6.77%,0.0074,0
615,132948,716,0.40%,8784,5.92%,0.3263,0
616,179300,682,5.41%,47199,7.34%,0.3516,0
617,10159,870,4.64%,11249,9.54%,0.0711,0
618,92194,868,4.36%,33467,9.60%,0.3182,0
619,135389,601,11.01%,32522,10.87%,0.0007,0
620,25357,852,9.19%,49621,11.29%,0.6664,1
621,192868,733,11.46%,35056,4.81%,0.2014,0
622,133814,643,13.34%,36233,6.24%,0.0794,0
623,72414,815,10.68%,10446,11.42%,0.9559,0
624,24592,713,11.81%,6323,9.91%,0.2276,0
625,144284,843,12.67%,22136,9.74%,0.9259,1
626,75982,848,6.84%,19370,11.52%,0.2674,0
627,141898,837,13.64%,8807,8.26%,0.4503,0
628,86281,787,0.89%,23783,8.53%,0.0715,0
629,18233,624,8.53%,49583,4.23%,0.6378,0
630,141826,859,8.88%,38612,9.57%,0.0565,0
631,177759,887,4.46%,18380,7.09%,0.4703,0
632,20218,651,14.95%,41897,2.93%,0.0782,0
633,198571,867,15.90%,8445,6.04%,0.909,1
634,72925,855,8.17%,30946,5.75%,0.9516,1
635,119636,846,7.93%,13007,9.40%,0.1933,0
636,11944,809,11.19%,18714,11.37%,0.1887,0
637,131980,861,9.80%,43093,8.45%,0.9584,1
638,132322,862,7.21%,48683,10.23%,0.2794,0
639,149595,842,9.63%,34086,10.20%,0.1875,0
640,92024,639,1.45%,45695,2.22%,0.5039,0
641,55508,873,14.17%,36343,9.06%,0.2089,0
642,58277,864,0.91%,20561,10.32%,0.8905,0
643,168433,728,3.75%,48813,3.72%,0.1939,0
644,166966,611,13.16%,6986,7.55%,0.5445,1
645,38996,761,14.07%,34857,2.84%,0.7837,1
646,125213,614,11.18%,9209,10.71%,0.4711,0
647,47762,623,10.01%,29326,6.03%,0.3584,0
648,114824,611,0.62%,25403,7.12%,0.0118,0
649,176710,808,9.87%,41147,8.28%,0.9634,0
650,112929,761,16.56%,9143,8.41%,0.6937,0
651,16123,679,3.93%,5560,8.58%,0.3404,0
652,49827,731,9.35%,34615,10.54%,0.2358,0
653,29983,670,12.12%,49355,3.04%,0.8151,0
654,70733,637,12.28%,39576,11.60%,0.5443,0
655,127863,795,12.67%,6768,9.95%,0.8078,0
656,137734,756,16.08%,46561,9.81%,0.1217,0
657,193660,729,0.39%,31641,6.51%,0.4378,0
658,129677,797,0.17%,16459,10.01%,0.556,1
659,162461,641,7.25%,15174,4.02%,0.4506,0
660,146802,815,12.16%,30264,8.80%,0.8155,0
661,193499,824,6.73%,10627,10.31%,0.5233,1
662,153498,879,4.89%,38580,7.49%,0.3543,0
663,49361,805,5.90%,40142,11.42%,0.7899,1
664,108443,818,2.02%,43013,11.19%,0.4936,0
665,159602,709,1.67%,40838,4.01%,0.2243,0
666,47290,786,11.59%,28005,6.45%,0.8684,0
667,189166,729,7.93%,47602,7.83%,0.7447,0
668,96762,639,1.39%,22354,3.04%,0.6562,0
669,32146,873,7.73%,38488,2.73%,0.6409,1
670,152235,655,1.50%,10884,7.51%,0.8037,1
671,86299,701,4.10%,7182,7.11%,0.1262,0
672,47175,676,8.47%,37472,2.18%,0.0512,0
673,170461,610,8.31%,34317,5.30%,0.5914,1
674,54993,625,11.46%,25394,7.24%,0.4827,0
675,120950,725,6.93%,38672,9.15%,0.9769,1
676,31352,655,1.63%,6278,11.77%,0.8888,0
677,114609,788,9.84%,13328,6.35%,0.7136,0
678,171554,804,9.42%,24635,11.44%,0.9622,0
679,179194,695,13.59%,44951,2.85%,0.9416,0
680,148574,802,6.89%,20011,11.66%,0.3228,0
681,190268,805,0.55%,43505,3.78%,0.3626,0
682,67487,625,11.49%,28398,11.19%,0.4133,0
683,129795,607,4.27%,10550,11.84%,0.6676,1
684,32520,673,9.98%,20189,7.61%,0.264,0
685,22682,615,15.48%,32521,2.84%,0.2127,0
686,169615,845,0.33%,24023,4.44%,0.1095,0
687,124150,623,7.38%,23283,6.75%,0.5648,1
688,147254,674,11.79%,48564,4.81%,0.4732,0
689,63982,747,11.94%,37499,2.21%,0.9519,0
690,98118,785,5.44%,18030,6.16%,0.0118,0
691,192299,873,12.69%,16223,10.95%,0.1264,0
692,106907,846,8.32%,9054,9.31%,0.5343,0
693,10006,866,2.00%,17634,2.80%,0.9643,1
694,123080,857,8.04%,46797,6.09%,0.8621,0
695,62771,749,1.25%,33466,8.01%,0.4099,0
696,180274,802,1.72%,21780,8.24%,0.7478,0
697,128174,802,9.52%,48311,9.33%,0.437,0
698,165316,648,1.92%,26314,4.40%,0.8988,1
699,27398,848,3.51%,20671,8.28%,0.2086,0
700,84073,697,15.52%,12950,7.11%,0.2048,0
701,156668,866,3.73%,27977,6.41%,0.8983,0
702,58195,710,10.91%,13010,11.84%,0.7955,0
703,103895,694,10.72%,30405,8.84%,0.9055,0
704,107246,898,13.43%,25806,10.63%,0.3034,0
705,27465,822,8.93%,40627,5.36%,0.7976,0
706,124917,832,0.70%,14636,2.89%,0.1901,0
707,69273,813,16.62%,22676,5.59%,0.996,0
708,33069,802,5.72%,11788,11.48%,0.749,0
709,161350,878,0.09%,12180,5.25%,0.3706,0
710,174382,806,9.28%,17519,7.68%,0.219,0
711,45729,812,6.35%,17858,9.18%,0.7877,1
712,186359,887,4.23%,7823,10.16%,0.6472,0
713,42184,698,1.04%,18473,11.99%,0.6981,0
714,58490,796,8.35%,28820,10.52%,0.7996,1
715,97719,880,3.87%,12429,6.29%,0.8437,0
716,129330,630,6.17%,29939,7.73%,0.6389,0
717,110214,701,5.13%,35828,2.24%,0.5638,1
718,194203,718,12.71%,44988,11.04%,0.0166,0
719,24433,819,5.31%,17522,6.32%,0.3226,0
720,162023,746,14.85%,15434,2.56%,0.1567,0
721,160148,734,4.22%,17369,4.46%,0.4439,0
722,185288,709,9.99%,5329,6.66%,0.8568,0
723,175824,799,12.74%,46362,9.24%,0.4833,0
724,91396,895,9.20%,35462,11.55%,0.7858,0
725,139190,692,7.97%,9364,8.52%,0.7189,0
726,161069,638,5.68%,17436,3.68%,0.7117,0
727,112699,766,8.23%,19029,4.29%,0.2769,0
728,137405,624,2.63%,47220,6.06%,0.4037,0
729,153001,628,10.61%,46856,6.15%,0.9901,0
730,72922,635,1.42%,9232,7.90%,0.5215,0
731,42222,684,4.66%,11880,10.57%,0.1255,0
732,64438,768,3.50%,34885,3.04%,0.2405,0
733,183865,753,1.32%,21768,9.06%,0.2027,0
734,13556,676,14.87%,15599,4.66%,0.1666,0
735,169390,804,11.06%,29151,10.22%,0.6999,0
736,192580,666,2.42%,11054,11.97%,0.2545,0
737,165066,752,15.49%,14502,8.68%,0.1311,0
738,199413,832,6.68%,30822,2.47%,0.7337,1
739,182757,675,6.34%,15932,11.90%,0.7527,1
740,125101,869,0.88%,10760,9.24%,0.2489,0
741,108621,709,5.85%,11729,10.95%,0.665,0
742,62693,648,5.10%,31605,4.16%,0.5776,1
743,148793,779,9.13%,34770,7.28%,0.8362,1
744,126550,649,10.09%,28008,2.32%,0.969,0
745,40090,767,6.32%,33755,2.67%,0.2508,0
746,36685,734,10.14%,9048,4.19%,0.6809,1
747,63831,892,13.65%,47572,6.18%,0.042,0
748,189631,725,5.40%,35441,7.72%,0.0135,0
749,174252,749,2.46%,39328,11.11%,0.7882,1
750,176098,673,1.87%,16747,11.21%,0.6744,1
751,175535,761,14.94%,20398,6.62%,0.7335,0
752,178868,821,4.23%,25922,8.14%,0.7721,0
753,28866,609,9.00%,44245,7.07%,0.2608,0
754,173181,879,3.43%,41145,10.41%,0.0202,0
755,77280,737,4.69%,5957,4.35%,0.6127,1
756,64804,861,9.31%,5782,6.23%,0.7547,0
757,140676,708,5.41%,47430,2.42%,0.3852,0
758,80315,857,9.46%,9379,11.04%,0.2859,0
759,118715,696,15.21%,12322,2.88%,0.3631,0
760,24109,869,9.37%,7987,4.87%,0.6192,0
761,58114,852,9.60%,24410,7.50%,0.6082,1
762,80652,688,1.23%,29100,10.81%,0.1392,0
763,114035,859,6.52%,26459,8.98%,0.5364,0
764,188633,771,4.51%,29742,6.03%,0.9235,1
765,98985,615,13.25%,38318,9.92%,0.8477,0
766,10242,816,14.07%,49191,10.19%,0.68,1
767,156322,728,13.53%,42651,10.54%,0.3191,0
768,29933,678,7.95%,7900,3.63%,0.1284,0
769,108594,695,7.32%,17554,6.38%,0.4787,0
770,87796,709,1.09%,49867,6.53%,0.9913,0
771,81418,666,14.02%,13790,3.33%,0.3034,0
772,45341,680,2.14%,32061,8.82%,0.6597,1
773,94463,837,12.21%,27274,11.17%,0.1996,0
774,31991,802,15.92%,45383,10.12%,0.3405,0
775,68475,835,9.40%,27829,10.88%,0.4122,0
776,76985,866,12.64%,14450,9.49%,0.903,1
777,117842,675,8.72%,13704,10.17%,0.5761,1
778,20817,880,16.47%,47453,11.51%,0.2904,0
779,126352,884,13.48%,47354,6.73%,0.6865,1
780,26620,894,7.32%,37508,9.96%,0.8464,1
781,19782,785,10.57%,46106,7.39%,0.2601,0
782,23064,809,4.96%,47527,2.39%,0.0888,0
783,175549,871,1.49%,17416,11.73%,0.7256,0
784,26358,869,14.67%,24589,10.77%,0.7162,1
785,150486,678,10.63%,10870,11.61%,0.1064,0
786,128559,880,16.43%,21295,10.38%,0.1001,0
787,84287,865,1.20%,5213,9.85%,0.1929,0
788,18626,795,0.28%,36375,2.87%,0.3551,0
789,165046,673,3.83%,30862,4.44%,0.6684,0
790,61208,763,15.56%,29106,11.09%,0.7115,0
791,44737,721,7.59%,20180,4.74%,0.9481,1
792,77890,854,11.40%,35344,5.53%,0.2805,0
793,106560,789,6.71%,5585,7.41%,0.8457,1
794,77296,881,9.51%,6543,10.05%,0.103,0
795,191172,607,8.03%,49382,5.84%,0.0453,0
796,11739,743,12.13%,13193,2.21%,0.3332,0
797,198850,651,7.49%,24221,5.25%,0.7764,1
798,70812,756,0.01%,15027,10.72%,0.505,1
799,66120,898,14.22%,20803,7.41%,0.0524,0
800,70006,863,3.73%,21136,3.97%,0.575,1
801,185746,835,6.76%,33827,3.97%,0.42,0
802,17834,791,13.51%,8174,4.08%,0.0842,0
803,13241,656,11.68%,26338,5.66%,0.8857,0
804,97565,674,5.16%,10868,5.95%,0.6269,1
805,102064,719,15.38%,9289,7.88%,0.661,1
806,93225,652,14.47%,45611,10.23%,0.3951,0
807,26767,731,6.51%,46758,9.62%,0.6332,1
808,49370,613,8.33%,44349,8.21%,0.9533,1
809,142974,881,12.12%,34687,6.82%,0.1767,0
810,175004,682,7.19%,17055,2.02%,0.4157,0
811,196958,652,6.21%,32961,8.84%,0.6403,0
812,115167,612,4.26%,23697,8.75%,0.6915,0
813,163493,737,12.33%,7798,5.68%,0.7618,0
814,124846,888,15.46%,20833,6.20%,0.544,1
815,68950,657,16.47%,21145,6.87%,0.473,0
816,116078,717,0.25%,28218,3.09%,0.5039,0
817,168319,807,11.30%,40412,11.39%,0.2765,0
818,17192,627,13.75%,22366,8.02%,0.5754,0
819,98886,698,2.11%,44291,2.88%,0.2396,0
820,16031,640,14.03%,18970,11.75%,0.5833,0
821,44100,768,7.29%,6944,8.77%,0.897,1
822,34365,637,2.34%,19845,11.10%,0.6031,0
823,156014,778,15.13%,48563,4.91%,0.1513,0
824,67635,786,5.90%,37388,4.32%,0.3865,0
825,191602,760,14.08%,37656,5.52%,0.8844,1
826,11014,686,3.86%,36027,5.64%,0.9869,0
827,172820,738,1.36%,20807,7.47%,0.1338,0
828,164744,897,10.25%,38120,6.29%,0.8832,0
829,193984,609,7.37%,10347,8.33%,0.6615,0
830,118018,713,12.08%,37022,4.47%,0.0233,0
831,106959,857,11.82%,37274,3.07%,0.7634,0
832,172466,745,3.64%,32700,2.80%,0.1168,0
833,159655,761,13.20%,26087,6.64%,0.5883,0
834,83739,634,9.80%,21013,8.20%,0.7143,0
835,178961,753,12.62%,34151,11.84%,0.7941,0
836,79889,778,15.01%,24613,11.64%,0.6481,0
837,23779,715,7.23%,24883,7.96%,0.4612,0
838,49224,640,10.18%,22083,8.01%,0.0811,0
839,28293,691,10.99%,47258,6.02%,0.0661,0
840,81189,657,10.21%,13063,6.38%,0.0218,0
841,81654,821,0.34%,46689,8.86%,0.4255,0
842,173603,603,13.44%,31710,6.80%,0.7983,0
843,97452,746,9.27%,6447,6.41%,0.6437,1
844,57145,789,2.56%,27064,9.26%,0.7385,1
845,199659,806,5.95%,31357,8.53%,0.6883,1
846,106470,705,8.95%,43034,7.51%,0.5329,1
847,69203,747,14.75%,19929,6.04%,0.6154,0
848,151412,751,2.11%,28472,2.84%,0.3391,0
849,15465,884,0.46%,8371,7.91%,0.1445,0
850,125612,886,8.00%,30704,10.11%,0.2677,0
851,36082,763,3.70%,19677,2.01%,0.1076,0
852,94078,647,3.59%,42248,8.54%,0.1202,0
853,138624,629,0.95%,43283,5.71%,0.7896,1
854,60814,664,15.47%,41964,7.37%,0.0555,0
855,183603,656,13.38%,31578,10.74%,0.7144,0
856,199272,683,8.27%,9517,10.36%,0.6822,0
857,25420,610,9.52%,7778,4.20%,0.5813,0
858,37958,724,4.48%,27652,3.14%,0.1121,0
859,29441,656,15.60%,47763,2.77%,0.7237,1
860,83622,853,13.24%,33998,11.73%,0.9865,0
861,68261,805,12.57%,9229,11.86%,0.2337,0
862,81868,696,15.41%,14959,5.86%,0.8843,1
863,60115,736,10.21%,18827,3.28%,0.2353,0
864,48478,791,14.88%,44961,4.34%,0.845,1
865,189472,867,7.90%,48370,6.97%,0.2807,0
866,121669,787,7.99%,27117,4.23%,0.7508,1
867,104363,601,16.10%,45288,11.16%,0.5062,0
868,160744,862,12.24%,45173,7.96%,0.8004,1
869,152639,869,13.92%,45490,6.20%,0.6295,0
870,88635,889,3.16%,18654,11.84%,0.3093,0
871,188542,639,14.80%,5664,4.91%,0.635,1
872,25099,616,10.49%,40217,11.80%,0.1676,0
873,21130,773,9.67%,11164,4.71%,0.7384,1
874,133591,897,9.66%,48530,2.20%,0.7827,1
875,83936,729,0.34%,33045,6.10%,0.0036,0
876,134280,635,14.84%,16163,8.92%,0.6023,0
877,63532,711,11.36%,12053,10.02%,0.501,1
878,99062,824,6.44%,47195,6.02%,0.9381,0
879,138865,778,9.17%,27855,2.05%,0.7277,0
880,163818,898,3.69%,40812,7.09%,0.9368,0
881,139145,744,11.75%,20764,9.89%,0.8962,0
882,10352,869,10.99%,42653,8.16%,0.0531,0
883,169893,718,12.06%,11816,7.65%,0.7412,0
884,23433,663,11.32%,14645,11.29%,0.1836,0
885,143648,866,8.54%,21131,5.93%,0.4714,0
886,189679,799,7.36%,14620,2.44%,0.8873,1
887,56356,769,12.62%,41766,2.57%,0.033,0
888,168918,872,0.01%,41165,5.43%,0.5427,1
889,135321,709,11.14%,11487,8.19%,0.7669,0
890,148399,672,1.56%,35210,8.75%,0.3216,0
891,160692,870,14.51%,42076,4.22%,0.9908,0
892,155933,753,10.23%,17529,3.44%,0.9703,1
893,36036,791,7.60%,13699,2.89%,0.8612,1
894,54182,678,16.25%,43956,8.38%,0.3112,0
895,23829,680,8.36%,25925,8.59%,0.7647,0
896,130742,827,11.97%,45258,2.74%,0.3657,0
897,128439,809,12.96%,9769,5.21%,0.3185,0
898,12727,720,15.06%,29559,10.34%,0.0675,0
899,150084,856,6.15%,28539,10.88%,0.0582,0
900,92337,665,6.59%,17313,6.33%,0.7181,1
901,11365,652,5.48%,15826,10.86%,0.9538,1
902,97356,790,8.94%,15508,3.37%,0.9294,1
903,159598,709,15.67%,44853,5.46%,0.7781,1
904,145847,695,13.83%,32041,3.31%,0.6153,1
905,49684,795,5.60%,5155,5.93%,0.9969,0
906,74436,761,9.64%,21561,6.11%,0.2164,0
907,88475,823,0.59%,19724,9.59%,0.5308,1
908,58489,618,6.34%,21308,11.36%,0.3637,0
909,12234,810,14.14%,42752,2.01%,0.432,0
910,158156,693,8.51%,38160,10.34%,0.4622,0
911,187195,683,12.57%,10966,9.18%,0.0398,0
912,76611,880,6.75%,29651,9.02%,0.5936,0
913,62517,780,0.71%,48530,4.77%,0.5159,0
914,154708,710,5.88%,41042,10.32%,0.8244,0
915,196891,873,10.77%,43970,4.96%,0.1753,0
916,65589,696,7.97%,18429,10.00%,0.6311,0
917,31215,751,3.97%,24967,7.32%,0.7408,0
918,173365,691,13.89%,8652,4.79%,0.1339,0
919,110402,890,1.00%,16620,6.98%,0.4395,0
920,163543,765,14.17%,18763,6.35%,0.1068,0
921,57423,626,6.17%,12416,6.67%,0.7923,1
922,30343,859,3.42%,10486,6.73%,0.0042,0
923,90840,765,15.18%,44563,11.42%,0.4286,0
924,114912,641,13.52%,44515,2.88%,0.241,0
925,166793,828,7.75%,6776,10.26%,0.3786,0
926,110660,853,14.88%,35166,9.90%,0.6562,1
927,64658,668,11.21%,49564,8.24%,0.0072,0
928,21010,632,14.83%,26682,9.98%,0.9964,0
929,199468,757,4.53%,34489,11.98%,0.1575,0
930,33457,744,1.11%,32863,10.71%,0.629,1
931,28893,825,4.63%,37923,10.41%,0.6717,1
932,181623,701,11.49%,38382,8.31%,0.8203,0
933,78887,603,9.47%,24089,11.75%,0.3722,0
934,157474,779,4.06%,47677,8.44%,0.3484,0
935,123379,622,12.31%,31385,5.57%,0.8548,0
936,54659,800,8.25%,19978,4.40%,0.0138,0
937,184081,629,13.65%,21636,10.51%,0.2217,0
938,185468,873,0.18%,21714,6.71%,0.5985,1
939,148271,619,12.08%,45004,8.39%,0.7295,0
940,49722,672,12.10%,47075,2.81%,0.8587,1
941,83141,895,13.53%,24414,2.82%,0.4382,0
942,109503,732,0.21%,33886,4.54%,0.3084,0
943,125263,834,0.73%,49735,8.21%,0.4063,0
944,76243,850,11.65%,24769,7.09%,0.5093,0
945,34012,818,10.08%,23205,2.68%,0.0212,0
946,62973,715,6.85%,27928,5.71%,0.7028,0
947,57249,764,15.92%,32347,9.23%,0.2867,0
948,67578,656,2.61%,45013,8.61%,0.3125,0
949,90641,781,10.40%,23318,4.23%,0.5862,0
950,180248,899,2.17%,10728,11.03%,0.7909,1
951,16127,778,8.47%,36375,2.46%,0.7348,0
952,199115,708,8.30%,14973,9.79%,0.6609,1
953,187875,880,0.53%,8283,7.94%,0.3279,0
954,120661,630,5.59%,18809,9.50%,0.3696,0
955,61690,664,10.86%,20457,7.08%,0.1613,0
956,141061,821,11.25%,37991,5.77%,0.6998,0
957,57270,708,9.29%,27808,4.53%,0.1661,0
958,180434,756,12.62%,22745,10.48%,0.2064,0
959,106336,696,11.30%,44364,6.45%,0.0714,0
960,25124,607,4.49%,20118,6.44%,0.2123,0
961,198212,607,13.47%,23130,3.54%,0.2486,0
962,113844,689,11.15%,36365,11.17%,0.8286,0
963,30504,693,11.71%,33431,7.93%,0.6287,0
964,28766,833,6.00%,9248,8.91%,0.7881,1
965,144350,716,12.16%,33404,10.76%,0.6149,1
966,143696,880,9.14%,19812,10.59%,0.3986,0
967,122362,649,3.77%,38920,8.88%,0.8032,0
968,161160,625,6.75%,15525,9.29%,0.9454,1
969,154520,897,4.45%,6124,8.82%,0.4945,0
970,190753,886,12.16%,7936,3.73%,0.4798,0
971,122334,876,9.29%,25007,11.07%,0.2351,0
972,61306,605,8.38%,41055,11.04%,0.2195,0
973,169771,863,8.04%,7866,8.37%,0.4054,0
974,12383,895,10.28%,18025,7.25%,0.1116,0
975,158556,766,12.75%,17768,4.02%,0.5264,0
976,81078,892,1.68%,23973,6.80%,0.3584,0
977,64154,871,5.87%,33842,2.96%,0.9486,0
978,12195,680,6.21%,23584,11.36%,0.5,0
979,43286,827,2.08%,17474,3.83%,0.7945,0
980,124189,773,6.71%,11522,9.61%,0.6723,0
981,66281,820,3.57%,10835,9.36%,0.9524,1
982,34854,865,5.67%,13741,10.60%,0.8068,1
983,32659,872,8.23%,28026,7.66%,0.9711,1
984,76259,607,8.19%,14156,9.66%,0.2728,0
985,71542,855,6.04%,28121,6.50%,0.4105,0
986,43708,696,13.97%,15852,10.07%,0.9721,1
987,12998,651,14.53%,26103,5.60%,0.5077,1
988,111243,792,7.51%,32608,2.26%,0.4069,0
989,71114,769,10.41%,24854,10.41%,0.4786,0
990,153134,871,6.42%,32052,2.68%,0.2395,0
991,56129,743,7.96%,17914,11.31%,0.8643,0
992,75542,714,9.50%,47525,3.79%,0.3422,0
993,73646,776,13.48%,35237,9.55%,0.6477,1
994,92808,767,14.30%,38832,7.28%,0.0743,0
995,13853,823,0.54%,28031,9.54%,0.3983,0
996,163112,726,1.06%,16501,2.34%,0.2925,0
997,178632,725,13.92%,29530,4.94%,0.0955,0
998,127292,823,9.51%,27206,6.98%,0.4558,0
